"CLINGEN DOSAGE SENSITIVITY CURATIONS (REDUCED)","","","","","","",""
"FILE CREATED: 2026-08-25","","","","","","",""
"WEBPAGE: https://search.clinicalgenome.org/kb/gene-dosage","","","","","","",""
"+++++++++++","+++++++++","++++++","++++++","++++++++++++++++++","+++++++++++++++++","+++++++++++++","++++"
"GENE/REGION","HGNC/ISCA","GRCh37","GRCh38","HAPLOINSUFFICIENCY","TRIPLOSENSITIVITY","ONLINE REPORT","DATE"
"+++++++++++","+++++++++","++++++","++++++","++++++++++++++++++","+++++++++++++++++","+++++++++++++","++++"
"AAGAB","HGNC:25662","chr15:67493005-67547536","chr15:67200667-67255198","Sufficient Evidence for Haploinsufficiency","No Evidence for Triplosensitivity","https://search.clinicalgenome.org/kb/gene-dosage/HGNC:25662","2013-02-28T20:17:25+00:00"
"ABCB11","HGNC:42","chr2:169777291-169887834","chr2:168915390-169031324","Gene Associated with Autosomal Recessive Phenotype","No Evidence for Triplosensitivity","https://search.clinicalgenome.org/kb/gene-dosage/HGNC:42","2020-07-08T16:37:14+00:00"
"ABCD1","HGNC:61","chrX:152990311-153010209","chrX:153724856-153744755","Sufficient Evidence for Haploinsufficiency","No Evidence for Triplosensitivity","https://search.clinicalgenome.org/kb/gene-dosage/HGNC:61","2020-12-02T17:18:11+00:00"
"ADNP","HGNC:15766","chr20:49505455-49547974","chr20:50888918-50931437","Sufficient Evidence for Haploinsufficiency","No Evidence for Triplosensitivity","https://search.clinicalgenome.org/kb/gene-dosage/HGNC:15766","2017-11-22T17:55:30+00:00"
"AFF2","HGNC:3776","chrX:147582137-148082193","chrX:148500617-149000663","Sufficient Evidence for Haploinsufficiency","No Evidence for Triplosensitivity","https://search.clinicalgenome.org/kb/gene-dosage/HGNC:3776","2020-12-08T17:30:05+00:00"
"AGTR2","HGNC:338","chrX:115301997-115306227","chrX:116170744-116174974","No Evidence for Haploinsufficiency","No Evidence for Triplosensitivity","https://search.clinicalgenome.org/kb/gene-dosage/HGNC:338","2012-05-10T13:30:11+00:00"
"ALX4","HGNC:450","chr11:44281990-44331689","chr11:44260440-44310139","Sufficient Evidence for Haploinsufficiency","No Evidence for Triplosensitivity","https://search.clinicalgenome.org/kb/gene-dosage/HGNC:450","2020-07-22T17:39:04+00:00"
"ANKRD26","HGNC:29186","chr10:27293045-27389423","chr10:26947582-27100494","No Evidence for Haploinsufficiency","No Evidence for Triplosensitivity","https://search.clinicalgenome.org/kb/gene-dosage/HGNC:29186","2023-10-10T16:23:50+00:00"
"ANTXR2","HGNC:21732","chr4:80822300-80994626","chr4:79901146-80073472","Gene Associated with Autosomal Recessive Phenotype","No Evidence for Triplosensitivity","https://search.clinicalgenome.org/kb/gene-dosage/HGNC:21732","2025-11-21T16:36:41+00:00"
"APOB","HGNC:603","chr2:21224301-21266945","chr2:21001429-21044073","Sufficient Evidence for Haploinsufficiency","No Evidence for Triplosensitivity","https://search.clinicalgenome.org/kb/gene-dosage/HGNC:603","2020-04-09T20:59:06+00:00"
"AR","HGNC:644","chrX:66763863-66950461","chrX:67544021-67730619","Sufficient Evidence for Haploinsufficiency","No Evidence for Triplosensitivity","https://search.clinicalgenome.org/kb/gene-dosage/HGNC:644","2020-12-08T17:09:48+00:00"
"ARID1A","HGNC:11110","chr1:27022506-27108595","chr1:26696015-26782104","Sufficient Evidence for Haploinsufficiency","No Evidence for Triplosensitivity","https://search.clinicalgenome.org/kb/gene-dosage/HGNC:11110","2020-05-27T16:53:48+00:00"
"ARID1B","HGNC:18040","chr6:157097160-157531913","chr6:156776026-157210779","Sufficient Evidence for Haploinsufficiency","No Evidence for Triplosensitivity","https://search.clinicalgenome.org/kb/gene-dosage/HGNC:18040","2021-05-26T16:28:52+00:00"
"ARSA","HGNC:713","chr22:51061182-51066580","chr22:50622754-50628152","Gene Associated with Autosomal Recessive Phenotype","No Evidence for Triplosensitivity","https://search.clinicalgenome.org/kb/gene-dosage/HGNC:713","2012-09-05T14:38:59+00:00"
"ATM","HGNC:795","chr11:108093794-108239829","chr11:108223067-108369102","Sufficient Evidence for Haploinsufficiency","No Evidence for Triplosensitivity","https://search.clinicalgenome.org/kb/gene-dosage/HGNC:795","2020-04-08T17:01:25+00:00"
"ATR","HGNC:882","chr3:142168077-142297575","chr3:142449235-142578733","Little Evidence for Haploinsufficiency","No Evidence for Triplosensitivity","https://search.clinicalgenome.org/kb/gene-dosage/HGNC:882","2020-06-05T20:24:49+00:00"
"AUTS2","HGNC:14262","chr7:69063461-70258492","chr7:69598475-70793506","Sufficient Evidence for Haploinsufficiency","No Evidence for Triplosensitivity","https://search.clinicalgenome.org/kb/gene-dosage/HGNC:14262","2020-06-24T16:20:48+00:00"
"B3GALT6","HGNC:17978","chr1:1167617-1170421","chr1:1232237-1235041","Gene Associated with Autosomal Recessive Phenotype","No Evidence for Triplosensitivity","https://search.clinicalgenome.org/kb/gene-dosage/HGNC:17978","2016-08-22T17:46:21+00:00"
"B4GALT1","HGNC:924","chr9:33104075-33167334","chr9:33104077-33185089","Gene Associated with Autosomal Recessive Phenotype","No Evidence for Triplosensitivity","https://search.clinicalgenome.org/kb/gene-dosage/HGNC:924","2016-08-22T17:46:21+00:00"
"BARD1","HGNC:952","chr2:215590370-215674407","chr2:214725646-214809683","Sufficient Evidence for Haploinsufficiency","No Evidence for Triplosensitivity","https://search.clinicalgenome.org/kb/gene-dosage/HGNC:952","2020-05-01T15:36:01+00:00"
"BCR","HGNC:1014","chr22:23522696-23660224","chr22:23180509-23318037","No Evidence for Haploinsufficiency","No Evidence for Triplosensitivity","https://search.clinicalgenome.org/kb/gene-dosage/HGNC:1014","2012-07-10T22:53:32+00:00"
"BMPR1A","HGNC:1076","chr10:88516376-88687726","chr10:86755763-86932844","Sufficient Evidence for Haploinsufficiency","No Evidence for Triplosensitivity","https://search.clinicalgenome.org/kb/gene-dosage/HGNC:1076","2020-06-24T16:47:13+00:00"
"BMPR2","HGNC:1078","chr2:203241050-203432472","chr2:202376327-202567749","Sufficient Evidence for Haploinsufficiency","No Evidence for Triplosensitivity","https://search.clinicalgenome.org/kb/gene-dosage/HGNC:1078","2020-08-26T16:19:41+00:00"
"CASP10","HGNC:1500","chr2:202047864-202094129","chr2:201183141-201229406","Little Evidence for Haploinsufficiency","No Evidence for Triplosensitivity","https://search.clinicalgenome.org/kb/gene-dosage/HGNC:1500","2020-04-10T21:24:57+00:00"
"CD40LG","HGNC:11935","chrX:135730317-135742549","chrX:136648158-136660390","Sufficient Evidence for Haploinsufficiency","No Evidence for Triplosensitivity","https://search.clinicalgenome.org/kb/gene-dosage/HGNC:11935","2020-04-08T17:33:25+00:00"
"CDH1","HGNC:1748","chr16:68771195-68869440","chr16:68737292-68835537","Sufficient Evidence for Haploinsufficiency","No Evidence for Triplosensitivity","https://search.clinicalgenome.org/kb/gene-dosage/HGNC:1748","2020-04-10T15:02:12+00:00"
"CDK4","HGNC:1773","chr12:58141510-58146093","chr12:57747727-57752310","No Evidence for Haploinsufficiency","No Evidence for Triplosensitivity","https://search.clinicalgenome.org/kb/gene-dosage/HGNC:1773","2020-09-02T14:08:46+00:00"
"CDKN1B","HGNC:1785","chr12:12870302-12875303","chr12:12717368-12722369","Sufficient Evidence for Haploinsufficiency","No Evidence for Triplosensitivity","https://search.clinicalgenome.org/kb/gene-dosage/HGNC:1785","2020-07-08T21:02:40+00:00"
"CDKN1C","HGNC:1786","chr11:2904448-2907005","chr11:2883218-2885775","Sufficient Evidence for Haploinsufficiency","No Evidence for Triplosensitivity","https://search.clinicalgenome.org/kb/gene-dosage/HGNC:1786","2020-09-25T15:51:14+00:00"
"CHAMP1","HGNC:20311","chr13:115079978-115092797","chr13:114314503-114327322","Little Evidence for Haploinsufficiency","No Evidence for Triplosensitivity","https://search.clinicalgenome.org/kb/gene-dosage/HGNC:20311","2025-06-10T16:16:04+00:00"
"CHEK2","HGNC:16627","chr22:29083731-29137822","chr22:28687743-28741834","Sufficient Evidence for Haploinsufficiency","No Evidence for Triplosensitivity","https://search.clinicalgenome.org/kb/gene-dosage/HGNC:16627","2020-01-08T17:26:33+00:00"
"CHMP1A","HGNC:8740","chr16:89710843-89724116","chr16:89644435-89657708","Gene Associated with Autosomal Recessive Phenotype","No Evidence for Triplosensitivity","https://search.clinicalgenome.org/kb/gene-dosage/HGNC:8740","2016-08-22T17:47:06+00:00"
"CITED2","HGNC:1987","chr6:139692944-139695785","chr6:139371807-139374648","No Evidence for Haploinsufficiency","No Evidence for Triplosensitivity","https://search.clinicalgenome.org/kb/gene-dosage/HGNC:1987","2023-11-29T17:51:27+00:00"
"COL2A1","HGNC:2200","chr12:48366750-48398259","chr12:47972967-48006212","Sufficient Evidence for Haploinsufficiency","No Evidence for Triplosensitivity","https://search.clinicalgenome.org/kb/gene-dosage/HGNC:2200","2020-07-29T19:10:10+00:00"
"COL4A5","HGNC:2207","chrX:107683068-107940775","chrX:108439838-108697545","Sufficient Evidence for Haploinsufficiency","No Evidence for Triplosensitivity","https://search.clinicalgenome.org/kb/gene-dosage/HGNC:2207","2020-09-08T16:09:11+00:00"
"CRKL","HGNC:2363","chr22:21271695-21308035","chr22:20917407-20953747","Little Evidence for Haploinsufficiency","No Evidence for Triplosensitivity","https://search.clinicalgenome.org/kb/gene-dosage/HGNC:2363","2020-04-13T18:49:39+00:00"
"CTDP1","HGNC:2498","chr18:77439803-77516625","chr18:79676768-79756625","Gene Associated with Autosomal Recessive Phenotype","Not yet evaluated","https://search.clinicalgenome.org/kb/gene-dosage/HGNC:2498","2016-08-22T17:47:34+00:00"
"CUL3","HGNC:2553","chr2:225334867-225450080","chr2:224470150-224585363","Sufficient Evidence for Haploinsufficiency","No Evidence for Triplosensitivity","https://search.clinicalgenome.org/kb/gene-dosage/HGNC:2553","2018-01-24T17:47:57+00:00"
"CYBB","HGNC:2578","chrX:37639312-37672714","chrX:37780059-37813461","Sufficient Evidence for Haploinsufficiency","No Evidence for Triplosensitivity","https://search.clinicalgenome.org/kb/gene-dosage/HGNC:2578","2020-05-27T16:23:41+00:00"
"DIS3L2","HGNC:28648","chr2:232826423-233209060","chr2:231961713-232344350","Little Evidence for Haploinsufficiency","No Evidence for Triplosensitivity","https://search.clinicalgenome.org/kb/gene-dosage/HGNC:28648","2020-10-14T17:17:54+00:00"
"DNAJC21","HGNC:27030","chr5:34929664-34959069","chr5:34929559-34958964","Little Evidence for Haploinsufficiency","No Evidence for Triplosensitivity","https://search.clinicalgenome.org/kb/gene-dosage/HGNC:27030","2020-10-14T16:09:44+00:00"
"DRD5","HGNC:3026","chr4:9783258-9785633","chr4:9781634-9784009","No Evidence for Haploinsufficiency","No Evidence for Triplosensitivity","https://search.clinicalgenome.org/kb/gene-dosage/HGNC:3026","2012-05-15T21:42:04+00:00"
"DYRK1A","HGNC:3091","chr21:38737875-38898660","chr21:37365573-37526358","Sufficient Evidence for Haploinsufficiency","No Evidence for Triplosensitivity","https://search.clinicalgenome.org/kb/gene-dosage/HGNC:3091","2020-12-16T17:33:17+00:00"
"EBP","HGNC:3133","chrX:48380196-48387104","chrX:48521808-48528716","Sufficient Evidence for Haploinsufficiency","No Evidence for Triplosensitivity","https://search.clinicalgenome.org/kb/gene-dosage/HGNC:3133","2020-01-22T17:44:22+00:00"
"EEF1A2","HGNC:3192","chr20:62119367-62130436","chr20:63488014-63499083","No Evidence for Haploinsufficiency","No Evidence for Triplosensitivity","https://search.clinicalgenome.org/kb/gene-dosage/HGNC:3192","2023-06-13T16:10:40+00:00"
"EHMT1","HGNC:24650","chr9:140513457-140730579","chr9:137619005-137836127","Sufficient Evidence for Haploinsufficiency","Little Evidence for Triplosensitivity","https://search.clinicalgenome.org/kb/gene-dosage/HGNC:24650","2012-07-06T20:41:17+00:00"
"EIF4A3","HGNC:18683","chr17:78108168-78120927","chr17:80134369-80147128","Gene Associated with Autosomal Recessive Phenotype","No Evidence for Triplosensitivity","https://search.clinicalgenome.org/kb/gene-dosage/HGNC:18683","2016-08-22T17:48:09+00:00"
"ELN","HGNC:3327","chr7:73442503-73484237","chr7:74028173-74069907","Sufficient Evidence for Haploinsufficiency","No Evidence for Triplosensitivity","https://search.clinicalgenome.org/kb/gene-dosage/HGNC:3327","2012-07-10T13:20:56+00:00"
"EPM2A","HGNC:3413","chr6:145946441-146057159","chr6:145383353-145736023","Gene Associated with Autosomal Recessive Phenotype","No Evidence for Triplosensitivity","https://search.clinicalgenome.org/kb/gene-dosage/HGNC:3413","2016-08-22T17:56:14+00:00"
"ERCC3","HGNC:3435","chr2:128014866-128051720","chr2:127257290-127294144","Gene Associated with Autosomal Recessive Phenotype","No Evidence for Triplosensitivity","https://search.clinicalgenome.org/kb/gene-dosage/HGNC:3435","2020-06-30T20:50:33+00:00"
"EXT1","HGNC:3512","chr8:118806729-119124065","chr8:117794490-118111826","Sufficient Evidence for Haploinsufficiency","No Evidence for Triplosensitivity","https://search.clinicalgenome.org/kb/gene-dosage/HGNC:3512","2020-06-17T20:01:06+00:00"
"EXT2","HGNC:3513","chr11:44117228-44273512","chr11:44095678-44251962","Sufficient Evidence for Haploinsufficiency","No Evidence for Triplosensitivity","https://search.clinicalgenome.org/kb/gene-dosage/HGNC:3513","2020-06-23T18:07:07+00:00"
"EYA1","HGNC:3519","chr8:72109668-72460329","chr8:71197433-71548094","Sufficient Evidence for Haploinsufficiency","No Evidence for Triplosensitivity","https://search.clinicalgenome.org/kb/gene-dosage/HGNC:3519","2020-08-26T02:14:45+00:00"
"EYA4","HGNC:3522","chr6:133562495-133853266","chr6:133240593-133532128","Sufficient Evidence for Haploinsufficiency","No Evidence for Triplosensitivity","https://search.clinicalgenome.org/kb/gene-dosage/HGNC:3522","2020-01-22T18:33:25+00:00"
"EYS","HGNC:21555","chr6:64429876-66417119","chr6:63719980-65707226","Gene Associated with Autosomal Recessive Phenotype","Not yet evaluated","https://search.clinicalgenome.org/kb/gene-dosage/HGNC:21555","2016-08-22T17:48:20+00:00"
"F8","HGNC:3546","chrX:154064067-154250998","chrX:154835792-155022723","Sufficient Evidence for Haploinsufficiency","No Evidence for Triplosensitivity","https://search.clinicalgenome.org/kb/gene-dosage/HGNC:3546","2020-10-13T16:58:19+00:00"
"FAH","HGNC:3579","chr15:80445131-80479291","chr15:80152789-80186949","Gene Associated with Autosomal Recessive Phenotype","No Evidence for Triplosensitivity","https://search.clinicalgenome.org/kb/gene-dosage/HGNC:3579","2020-09-02T14:03:43+00:00"
"FANCE","HGNC:3586","chr6:35420115-35434879","chr6:35452338-35467102","Gene Associated with Autosomal Recessive Phenotype","No Evidence for Triplosensitivity","https://search.clinicalgenome.org/kb/gene-dosage/HGNC:3586","2020-06-12T04:05:01+00:00"
"FANCG","HGNC:3588","chr9:35073836-35079939","chr9:35073839-35079942","Gene Associated with Autosomal Recessive Phenotype","No Evidence for Triplosensitivity","https://search.clinicalgenome.org/kb/gene-dosage/HGNC:3588","2020-11-15T05:36:37+00:00"
"FANCM","HGNC:23168","chr14:45605133-45670093","chr14:45135930-45200890","Gene Associated with Autosomal Recessive Phenotype","No Evidence for Triplosensitivity","https://search.clinicalgenome.org/kb/gene-dosage/HGNC:23168","2024-04-09T15:53:53+00:00"
"FH","HGNC:3700","chr1:241660903-241683055","chr1:241497603-241519755","Sufficient Evidence for Haploinsufficiency","No Evidence for Triplosensitivity","https://search.clinicalgenome.org/kb/gene-dosage/HGNC:3700","2020-07-06T18:25:52+00:00"
"FLG","HGNC:3748","chr1:152274641-152297715","chr1:152302165-152325239","Sufficient Evidence for Haploinsufficiency","No Evidence for Triplosensitivity","https://search.clinicalgenome.org/kb/gene-dosage/HGNC:3748","2020-02-26T17:04:53+00:00"
"FLNA","HGNC:3754","chrX:153576899-153603002","chrX:154348531-154374634","Sufficient Evidence for Haploinsufficiency","No Evidence for Triplosensitivity","https://search.clinicalgenome.org/kb/gene-dosage/HGNC:3754","2020-12-02T18:49:17+00:00"
"FMR1","HGNC:3775","chrX:146993437-147032645","chrX:147911919-147951125","Sufficient Evidence for Haploinsufficiency","No Evidence for Triplosensitivity","https://search.clinicalgenome.org/kb/gene-dosage/HGNC:3775","2020-12-16T18:12:29+00:00"
"FOXC1","HGNC:3800","chr6:1610150-1614132","chr6:1609915-1613897","Sufficient Evidence for Haploinsufficiency","No Evidence for Triplosensitivity","https://search.clinicalgenome.org/kb/gene-dosage/HGNC:3800","2020-07-29T20:29:12+00:00"
"FOXP1","HGNC:3823","chr3:71003859-71633129","chr3:70954708-71583978","Sufficient Evidence for Haploinsufficiency","No Evidence for Triplosensitivity","https://search.clinicalgenome.org/kb/gene-dosage/HGNC:3823","2020-01-22T17:12:56+00:00"
"FRMD7","HGNC:8079","chrX:131211018-131262048","chrX:132076990-132128020","Sufficient Evidence for Haploinsufficiency","No Evidence for Triplosensitivity","https://search.clinicalgenome.org/kb/gene-dosage/HGNC:8079","2020-04-09T18:15:52+00:00"
"FTCD","HGNC:3974","chr21:47556176-47575493","chr21:46136262-46155579","Gene Associated with Autosomal Recessive Phenotype","No Evidence for Triplosensitivity","https://search.clinicalgenome.org/kb/gene-dosage/HGNC:3974","2016-08-22T17:48:39+00:00"
"G6PC3","HGNC:24861","chr17:42148041-42153712","chr17:44070673-44076344","Gene Associated with Autosomal Recessive Phenotype","No Evidence for Triplosensitivity","https://search.clinicalgenome.org/kb/gene-dosage/HGNC:24861","2020-04-30T20:57:13+00:00"
"GABRG2","HGNC:4087","chr5:161494471-161582545","chr5:162067465-162155539","Little Evidence for Haploinsufficiency","No Evidence for Triplosensitivity","https://search.clinicalgenome.org/kb/gene-dosage/HGNC:4087","2026-05-12T16:57:05+00:00"
"GATA1","HGNC:4170","chrX:48644998-48652718","chrX:48786590-48794311","No Evidence for Haploinsufficiency","No Evidence for Triplosensitivity","https://search.clinicalgenome.org/kb/gene-dosage/HGNC:4170","2020-10-14T20:44:27+00:00"
"GATA3","HGNC:4172","chr10:8096651-8117161","chr10:8045333-8075198","Sufficient Evidence for Haploinsufficiency","No Evidence for Triplosensitivity","https://search.clinicalgenome.org/kb/gene-dosage/HGNC:4172","2020-06-24T16:24:50+00:00"
"GNAS","HGNC:4392","chr20:57414803-57486247","chr20:58839748-58911192","Sufficient Evidence for Haploinsufficiency","No Evidence for Triplosensitivity","https://search.clinicalgenome.org/kb/gene-dosage/HGNC:4392","2021-01-12T21:24:36+00:00"
"GNS","HGNC:4422","chr12:65107229-65153186","chr12:64713449-64759406","Gene Associated with Autosomal Recessive Phenotype","Not yet evaluated","https://search.clinicalgenome.org/kb/gene-dosage/HGNC:4422","2016-08-22T17:48:58+00:00"
"GREM1","HGNC:2001","chr15:33010205-33037307","chr15:32718004-32745106","No Evidence for Haploinsufficiency","No Evidence for Triplosensitivity","https://search.clinicalgenome.org/kb/gene-dosage/HGNC:2001","2020-08-20T16:46:10+00:00"
"HMBS","HGNC:4982","chr11:118955591-118964259","chr11:119084881-119093549","Sufficient Evidence for Haploinsufficiency","No Evidence for Triplosensitivity","https://search.clinicalgenome.org/kb/gene-dosage/HGNC:4982","2020-01-08T17:47:56+00:00"
"HNF1B","HGNC:11630","chr17:36046434-36105050","chr17:37686431-37745059","Sufficient Evidence for Haploinsufficiency","No Evidence for Triplosensitivity","https://search.clinicalgenome.org/kb/gene-dosage/HGNC:11630","2020-12-21T17:12:17+00:00"
"HOXD13","HGNC:5136","chr2:176957449-176960672","chr2:176087487-176095944","Sufficient Evidence for Haploinsufficiency","No Evidence for Triplosensitivity","https://search.clinicalgenome.org/kb/gene-dosage/HGNC:5136","2020-09-23T16:46:26+00:00"
"HPS1","HGNC:5163","chr10:100175955-100206692","chr10:98413948-98446935","Gene Associated with Autosomal Recessive Phenotype","Not yet evaluated","https://search.clinicalgenome.org/kb/gene-dosage/HGNC:5163","2016-08-22T17:49:18+00:00"
"HSD3B7","HGNC:18324","chr16:30996528-31000468","chr16:30985207-30989147","Gene Associated with Autosomal Recessive Phenotype","No Evidence for Triplosensitivity","https://search.clinicalgenome.org/kb/gene-dosage/HGNC:18324","2016-08-22T17:49:21+00:00"
"IDS","HGNC:5389","chrX:148558519-148586836","chrX:149476988-149505306","Sufficient Evidence for Haploinsufficiency","No Evidence for Triplosensitivity","https://search.clinicalgenome.org/kb/gene-dosage/HGNC:5389","2020-11-10T17:15:45+00:00"
"IFT43","HGNC:29669","chr14:76452106-76550416","chr14:75985763-76084073","Gene Associated with Autosomal Recessive Phenotype","Not yet evaluated","https://search.clinicalgenome.org/kb/gene-dosage/HGNC:29669","2016-08-22T17:49:25+00:00"
"IKBKG","HGNC:5961","chrX:153769453-153793261","chrX:154541238-154565046","Sufficient Evidence for Haploinsufficiency","No Evidence for Triplosensitivity","https://search.clinicalgenome.org/kb/gene-dosage/HGNC:5961","2020-11-10T17:35:19+00:00"
"ITCH","HGNC:13890","chr20:32951079-33099578","chr20:34363273-34511773","Gene Associated with Autosomal Recessive Phenotype","Not yet evaluated","https://search.clinicalgenome.org/kb/gene-dosage/HGNC:13890","2016-08-22T17:49:36+00:00"
"ITSN1","HGNC:6183","chr21:35014807-35272165","chr21:33642501-33899861","Little Evidence for Haploinsufficiency","No Evidence for Triplosensitivity","https://search.clinicalgenome.org/kb/gene-dosage/HGNC:6183","2024-10-08T17:05:28+00:00"
"JAG1","HGNC:6188","chr20:10618332-10654647","chr20:10637684-10673999","Sufficient Evidence for Haploinsufficiency","No Evidence for Triplosensitivity","https://search.clinicalgenome.org/kb/gene-dosage/HGNC:6188","2020-10-19T16:19:32+00:00"
"KAT6B","HGNC:17582","chr10:76585013-76792382","chr10:74824936-75032624","Sufficient Evidence for Haploinsufficiency","No Evidence for Triplosensitivity","https://search.clinicalgenome.org/kb/gene-dosage/HGNC:17582","2018-04-25T16:42:12+00:00"
"KCNH2","HGNC:6251","chr7:150642049-150675409","chr7:150944961-150978321","Sufficient Evidence for Haploinsufficiency","No Evidence for Triplosensitivity","https://search.clinicalgenome.org/kb/gene-dosage/HGNC:6251","2020-02-26T17:14:24+00:00"
"KCNQ1","HGNC:6294","chr11:2466238-2870340","chr11:2445008-2849105","Sufficient Evidence for Haploinsufficiency","No Evidence for Triplosensitivity","https://search.clinicalgenome.org/kb/gene-dosage/HGNC:6294","2020-10-13T16:21:49+00:00"
"KMT2D","HGNC:7133","chr12:49412761-49454577","chr12:49018978-49060794","Sufficient Evidence for Haploinsufficiency","No Evidence for Triplosensitivity","https://search.clinicalgenome.org/kb/gene-dosage/HGNC:7133","2020-01-23T11:33:28+00:00"
"L1CAM","HGNC:6470","chrX:153126969-153151627","chrX:153861514-153886173","Sufficient Evidence for Haploinsufficiency","No Evidence for Triplosensitivity","https://search.clinicalgenome.org/kb/gene-dosage/HGNC:6470","2020-12-02T17:08:55+00:00"
"LAMA2","HGNC:6482","chr6:129204283-129837711","chr6:128883138-129516566","Gene Associated with Autosomal Recessive Phenotype","No Evidence for Triplosensitivity","https://search.clinicalgenome.org/kb/gene-dosage/HGNC:6482","2018-11-28T17:46:24+00:00"
"LDLR","HGNC:6547","chr19:11200139-11244496","chr19:11089463-11133820","Sufficient Evidence for Haploinsufficiency","No Evidence for Triplosensitivity","https://search.clinicalgenome.org/kb/gene-dosage/HGNC:6547","2021-10-27T16:57:43+00:00"
"LEMD3","HGNC:28887","chr12:65563363-65642135","chr12:65169583-65248355","Sufficient Evidence for Haploinsufficiency","No Evidence for Triplosensitivity","https://search.clinicalgenome.org/kb/gene-dosage/HGNC:28887","2020-10-19T16:18:32+00:00"
"LINS1","HGNC:30922","chr15:101107129-101142389","chr15:100566924-100602184","Gene Associated with Autosomal Recessive Phenotype","No Evidence for Triplosensitivity","https://search.clinicalgenome.org/kb/gene-dosage/HGNC:30922","2016-08-22T17:49:58+00:00"
"LMX1B","HGNC:6654","chr9:129376207-129463311","chr9:126613928-126701032","Sufficient Evidence for Haploinsufficiency","No Evidence for Triplosensitivity","https://search.clinicalgenome.org/kb/gene-dosage/HGNC:6654","2020-11-10T17:11:38+00:00"
"LSS","HGNC:6708","chr21:47608360-47648688","chr21:46188446-46228774","No Evidence for Haploinsufficiency","No Evidence for Triplosensitivity","https://search.clinicalgenome.org/kb/gene-dosage/HGNC:6708","2012-09-06T18:41:36+00:00"
"LYST","HGNC:1968","chr1:235824331-236047013","chr1:235661031-235883713","Gene Associated with Autosomal Recessive Phenotype","No Evidence for Triplosensitivity","https://search.clinicalgenome.org/kb/gene-dosage/HGNC:1968","2016-08-22T17:50:09+00:00"
"MALT1","HGNC:6819","chr18:56338697-56421709","chr18:58671465-58754477","Gene Associated with Autosomal Recessive Phenotype","No Evidence for Triplosensitivity","https://search.clinicalgenome.org/kb/gene-dosage/HGNC:6819","2016-08-22T17:50:09+00:00"
"MCCC1","HGNC:6936","chr3:182733006-182817375","chr3:183015218-183116196","Gene Associated with Autosomal Recessive Phenotype","No Evidence for Triplosensitivity","https://search.clinicalgenome.org/kb/gene-dosage/HGNC:6936","2016-08-22T17:50:14+00:00"
"MEF2C","HGNC:6996","chr5:88012934-88199922","chr5:88717117-88904105","Sufficient Evidence for Haploinsufficiency","Little Evidence for Triplosensitivity","https://search.clinicalgenome.org/kb/gene-dosage/HGNC:6996","2020-02-26T17:33:14+00:00"
"MKRN3","HGNC:7114","chr15:23810821-23813191","chr15:23565674-23568044","No Evidence for Haploinsufficiency","No Evidence for Triplosensitivity","https://search.clinicalgenome.org/kb/gene-dosage/HGNC:7114","2012-04-25T01:46:53+00:00"
"MLYCD","HGNC:7150","chr16:83932720-83960636","chr16:83899115-83927031","Gene Associated with Autosomal Recessive Phenotype","No Evidence for Triplosensitivity","https://search.clinicalgenome.org/kb/gene-dosage/HGNC:7150","2016-08-22T17:50:22+00:00"
"MMUT","HGNC:7526","chr6:49398073-49430966","chr6:49430360-49463253","Gene Associated with Autosomal Recessive Phenotype","No Evidence for Triplosensitivity","https://search.clinicalgenome.org/kb/gene-dosage/HGNC:7526","2016-08-25T21:41:16+00:00"
"MRE11","HGNC:7230","chr11:94148736-94227010","chr11:94415570-94512412","Gene Associated with Autosomal Recessive Phenotype","No Evidence for Triplosensitivity","https://search.clinicalgenome.org/kb/gene-dosage/HGNC:7230","2023-12-19T14:45:21+00:00"
"MSH3","HGNC:7326","chr5:79950471-80172634","chr5:80654652-80876815","Gene Associated with Autosomal Recessive Phenotype","No Evidence for Triplosensitivity","https://search.clinicalgenome.org/kb/gene-dosage/HGNC:7326","2020-05-08T22:02:56+00:00"
"MSX2","HGNC:7392","chr5:174151585-174157899","chr5:174724582-174730896","Little Evidence for Haploinsufficiency","No Evidence for Triplosensitivity","https://search.clinicalgenome.org/kb/gene-dosage/HGNC:7392","2023-06-28T16:10:14+00:00"
"MYBPC3","HGNC:7551","chr11:47352957-47374253","chr11:47331406-47352702","Sufficient Evidence for Haploinsufficiency","No Evidence for Triplosensitivity","https://search.clinicalgenome.org/kb/gene-dosage/HGNC:7551","2023-01-10T17:17:15+00:00"
"MYO5B","HGNC:7603","chr18:47349159-47721517","chr18:49822789-50195147","Gene Associated with Autosomal Recessive Phenotype","No Evidence for Triplosensitivity","https://search.clinicalgenome.org/kb/gene-dosage/HGNC:7603","2015-04-09T03:17:07+00:00"
"NDE1","HGNC:17619","chr16:15737239-15820210","chr16:15643382-15726353","Gene Associated with Autosomal Recessive Phenotype","No Evidence for Triplosensitivity","https://search.clinicalgenome.org/kb/gene-dosage/HGNC:17619","2016-04-29T17:08:43+00:00"
"NDUFV2","HGNC:7717","chr18:9102697-9134339","chr18:9102699-9134341","Gene Associated with Autosomal Recessive Phenotype","No Evidence for Triplosensitivity","https://search.clinicalgenome.org/kb/gene-dosage/HGNC:7717","2016-08-22T17:50:45+00:00"
"NF2","HGNC:7773","chr22:29999545-30094589","chr22:29603556-29698600","Sufficient Evidence for Haploinsufficiency","No Evidence for Triplosensitivity","https://search.clinicalgenome.org/kb/gene-dosage/HGNC:7773","2020-09-08T17:01:48+00:00"
"NIPBL","HGNC:28862","chr5:36876871-37066515","chr5:36876769-37066413","Sufficient Evidence for Haploinsufficiency","Little Evidence for Triplosensitivity","https://search.clinicalgenome.org/kb/gene-dosage/HGNC:28862","2020-08-26T16:34:41+00:00"
"NKX2-5","HGNC:2488","chr5:172659112-172662209","chr5:173232109-173235206","Sufficient Evidence for Haploinsufficiency","No Evidence for Triplosensitivity","https://search.clinicalgenome.org/kb/gene-dosage/HGNC:2488","2020-07-22T17:41:24+00:00"
"NR0B1","HGNC:7960","chrX:30322323-30327507","chrX:30304206-30309390","Sufficient Evidence for Haploinsufficiency","No Evidence for Triplosensitivity","https://search.clinicalgenome.org/kb/gene-dosage/HGNC:7960","2020-05-06T03:21:44+00:00"
"NR3C2","HGNC:7979","chr4:148999915-149365850","chr4:148078764-148445508","Sufficient Evidence for Haploinsufficiency","No Evidence for Triplosensitivity","https://search.clinicalgenome.org/kb/gene-dosage/HGNC:7979","2020-04-06T20:05:17+00:00"
"NSD1","HGNC:14234","chr5:176560016-176727214","chr5:177131798-177300213","Sufficient Evidence for Haploinsufficiency","No Evidence for Triplosensitivity","https://search.clinicalgenome.org/kb/gene-dosage/HGNC:14234","2020-07-27T19:42:36+00:00"
"NTHL1","HGNC:8028","chr16:2089821-2097835","chr16:2039820-2047834","Gene Associated with Autosomal Recessive Phenotype","No Evidence for Triplosensitivity","https://search.clinicalgenome.org/kb/gene-dosage/HGNC:8028","2020-07-06T16:26:00+00:00"
"NYX","HGNC:8082","chrX:41306596-41334905","chrX:41447343-41475652","Sufficient Evidence for Haploinsufficiency","No Evidence for Triplosensitivity","https://search.clinicalgenome.org/kb/gene-dosage/HGNC:8082","2020-01-22T18:40:36+00:00"
"OTX2","HGNC:8522","chr14:57266623-57277197","chr14:56799905-56810479","Sufficient Evidence for Haploinsufficiency","No Evidence for Triplosensitivity","https://search.clinicalgenome.org/kb/gene-dosage/HGNC:8522","2020-09-08T16:12:58+00:00"
"PAFAH1B1","HGNC:8574","chr17:2496948-2588909","chr17:2593183-2685615","Sufficient Evidence for Haploinsufficiency","No Evidence for Triplosensitivity","https://search.clinicalgenome.org/kb/gene-dosage/HGNC:8574","2020-10-13T16:14:55+00:00"
"PAX2","HGNC:8616","chr10:102495153-102589701","chr10:100735396-100829944","Sufficient Evidence for Haploinsufficiency","No Evidence for Triplosensitivity","https://search.clinicalgenome.org/kb/gene-dosage/HGNC:8616","2020-02-26T17:11:04+00:00"
"PAX3","HGNC:8617","chr2:223064606-223163717","chr2:222199887-222298998","Sufficient Evidence for Haploinsufficiency","No Evidence for Triplosensitivity","https://search.clinicalgenome.org/kb/gene-dosage/HGNC:8617","2020-05-27T16:26:44+00:00"
"PAX9","HGNC:8623","chr14:37126773-37148567","chr14:36657568-36679362","Sufficient Evidence for Haploinsufficiency","No Evidence for Triplosensitivity","https://search.clinicalgenome.org/kb/gene-dosage/HGNC:8623","2020-07-08T18:50:12+00:00"
"PCYT1A","HGNC:8754","chr3:195961239-196014597","chr3:196234368-196287726","Gene Associated with Autosomal Recessive Phenotype","No Evidence for Triplosensitivity","https://search.clinicalgenome.org/kb/gene-dosage/HGNC:8754","2016-08-22T17:51:01+00:00"
"PDE6G","HGNC:8789","chr17:79617489-79630157","chr17:81650459-81663127","Gene Associated with Autosomal Recessive Phenotype","No Evidence for Triplosensitivity","https://search.clinicalgenome.org/kb/gene-dosage/HGNC:8789","2025-05-29T16:38:58+00:00"
"PDGFRA","HGNC:8803","chr4:55095460-55164412","chr4:54229293-54298245","No Evidence for Haploinsufficiency","No Evidence for Triplosensitivity","https://search.clinicalgenome.org/kb/gene-dosage/HGNC:8803","2025-02-12T20:07:45+00:00"
"PGK1","HGNC:8896","chrX:77359745-77384792","chrX:78104248-78129295","Little Evidence for Haploinsufficiency","No Evidence for Triplosensitivity","https://search.clinicalgenome.org/kb/gene-dosage/HGNC:8896","2024-09-10T16:11:19+00:00"
"PHF8","HGNC:20672","chrX:53963113-54071569","chrX:53936680-54048936","Sufficient Evidence for Haploinsufficiency","No Evidence for Triplosensitivity","https://search.clinicalgenome.org/kb/gene-dosage/HGNC:20672","2020-08-26T16:13:38+00:00"
"PKD1","HGNC:9008","chr16:2138709-2185899","chr16:2088708-2135898","Sufficient Evidence for Haploinsufficiency","No Evidence for Triplosensitivity","https://search.clinicalgenome.org/kb/gene-dosage/HGNC:9008","2020-06-10T19:11:44+00:00"
"POLD1","HGNC:9175","chr19:50887580-50921275","chr19:50384323-50418018","Little Evidence for Haploinsufficiency","No Evidence for Triplosensitivity","https://search.clinicalgenome.org/kb/gene-dosage/HGNC:9175","2020-06-05T21:15:44+00:00"
"POT1","HGNC:17284","chr7:124462440-124569879","chr7:124822386-124929825","Emerging Evidence for Haploinsufficiency","No Evidence for Triplosensitivity","https://search.clinicalgenome.org/kb/gene-dosage/HGNC:17284","2025-05-30T21:24:40+00:00"
"PQBP1","HGNC:9330","chrX:48755213-48760420","chrX:48897930-48903143","Sufficient Evidence for Haploinsufficiency","No Evidence for Triplosensitivity","https://search.clinicalgenome.org/kb/gene-dosage/HGNC:9330","2020-04-09T19:32:14+00:00"
"PSPH","HGNC:9577","chr7:56078757-56119137","chr7:56011064-56051444","Gene Associated with Autosomal Recessive Phenotype","No Evidence for Triplosensitivity","https://search.clinicalgenome.org/kb/gene-dosage/HGNC:9577","2016-08-22T17:51:43+00:00"
"PTCH1","HGNC:9585","chr9:98205262-98279253","chr9:95442980-95516971","Sufficient Evidence for Haploinsufficiency","No Evidence for Triplosensitivity","https://search.clinicalgenome.org/kb/gene-dosage/HGNC:9585","2020-07-01T16:12:20+00:00"
"PTEN","HGNC:9588","chr10:89623382-89731687","chr10:87863625-87971930","Sufficient Evidence for Haploinsufficiency","No Evidence for Triplosensitivity","https://search.clinicalgenome.org/kb/gene-dosage/HGNC:9588","2020-06-24T16:14:33+00:00"
"PTPN11","HGNC:9644","chr12:112856751-112947722","chr12:112418947-112509918","Sufficient Evidence for Haploinsufficiency","No Evidence for Triplosensitivity","https://search.clinicalgenome.org/kb/gene-dosage/HGNC:9644","2020-09-08T16:21:03+00:00"
"RAB39B","HGNC:16499","chrX:154487520-154493776","chrX:155258235-155264491","Sufficient Evidence for Haploinsufficiency","No Evidence for Triplosensitivity","https://search.clinicalgenome.org/kb/gene-dosage/HGNC:16499","2020-05-29T05:20:46+00:00"
"RAD51C","HGNC:9820","chr17:56769934-56812972","chr17:58692573-58735611","Sufficient Evidence for Haploinsufficiency","No Evidence for Triplosensitivity","https://search.clinicalgenome.org/kb/gene-dosage/HGNC:9820","2020-07-08T16:34:36+00:00"
"RAI1","HGNC:9834","chr17:17584772-17714767","chr17:17681458-17811453","Sufficient Evidence for Haploinsufficiency","No Evidence for Triplosensitivity","https://search.clinicalgenome.org/kb/gene-dosage/HGNC:9834","2020-10-13T16:11:47+00:00"
"RASA1","HGNC:9871","chr5:86563700-86687733","chr5:87267883-87391916","Sufficient Evidence for Haploinsufficiency","No Evidence for Triplosensitivity","https://search.clinicalgenome.org/kb/gene-dosage/HGNC:9871","2020-04-22T16:05:15+00:00"
"RAX","HGNC:18662","chr18:56934270-56940686","chr18:59267038-59273454","Gene Associated with Autosomal Recessive Phenotype","Not yet evaluated","https://search.clinicalgenome.org/kb/gene-dosage/HGNC:18662","2016-08-22T17:51:51+00:00"
"RBBP8","HGNC:9891","chr18:20513291-20606449","chr18:22914139-23026486","Gene Associated with Autosomal Recessive Phenotype","Not yet evaluated","https://search.clinicalgenome.org/kb/gene-dosage/HGNC:9891","2016-08-22T17:51:52+00:00"
"RET","HGNC:9967","chr10:43572517-43625799","chr10:43077069-43130351","Sufficient Evidence for Haploinsufficiency","No Evidence for Triplosensitivity","https://search.clinicalgenome.org/kb/gene-dosage/HGNC:9967","2020-08-26T16:40:35+00:00"
"RETREG1","HGNC:25964","chr5:16473162-16617106","chr5:16473053-16616997","Gene Associated with Autosomal Recessive Phenotype","No Evidence for Triplosensitivity","https://search.clinicalgenome.org/kb/gene-dosage/HGNC:25964","2016-08-22T17:48:26+00:00"
"RSPO4","HGNC:16175","chr20:939095-982954","chr20:958452-1002311","Gene Associated with Autosomal Recessive Phenotype","Not yet evaluated","https://search.clinicalgenome.org/kb/gene-dosage/HGNC:16175","2016-08-22T17:52:03+00:00"
"SALL4","HGNC:15924","chr20:50398870-50419060","chr20:51782331-51802521","Sufficient Evidence for Haploinsufficiency","No Evidence for Triplosensitivity","https://search.clinicalgenome.org/kb/gene-dosage/HGNC:15924","2021-01-11T21:08:18+00:00"
"SAMHD1","HGNC:15925","chr20:35518176-35580111","chr20:36889773-36951708","Gene Associated with Autosomal Recessive Phenotype","No Evidence for Triplosensitivity","https://search.clinicalgenome.org/kb/gene-dosage/HGNC:15925","2025-03-28T15:48:19+00:00"
"SATB2","HGNC:21637","chr2:200134223-200335989","chr2:199269500-199471266","Sufficient Evidence for Haploinsufficiency","No Evidence for Triplosensitivity","https://search.clinicalgenome.org/kb/gene-dosage/HGNC:21637","2020-07-15T19:50:43+00:00"
"SBF2","HGNC:2135","chr11:9800215-10315766","chr11:9778668-10303837","Gene Associated with Autosomal Recessive Phenotype","Not yet evaluated","https://search.clinicalgenome.org/kb/gene-dosage/HGNC:2135","2016-08-22T17:52:07+00:00"
"SCN2A","HGNC:10588","chr2:166095924-166248814","chr2:165239414-165392304","Sufficient Evidence for Haploinsufficiency","No Evidence for Triplosensitivity","https://search.clinicalgenome.org/kb/gene-dosage/HGNC:10588","2020-04-22T16:09:34+00:00"
"SDHB","HGNC:10681","chr1:17345217-17380527","chr1:17018722-17054032","Sufficient Evidence for Haploinsufficiency","No Evidence for Triplosensitivity","https://search.clinicalgenome.org/kb/gene-dosage/HGNC:10681","2020-07-22T17:40:14+00:00"
"SHH","HGNC:10848","chr7:155592674-155605157","chr7:155799980-155812463","Sufficient Evidence for Haploinsufficiency","No Evidence for Triplosensitivity","https://search.clinicalgenome.org/kb/gene-dosage/HGNC:10848","2020-06-24T16:42:59+00:00"
"SIN3A","HGNC:19353","chr15:75661720-75748156","chr15:75369379-75455815","Sufficient Evidence for Haploinsufficiency","No Evidence for Triplosensitivity","https://search.clinicalgenome.org/kb/gene-dosage/HGNC:19353","2020-01-13T19:23:33+00:00"
"SIX3","HGNC:10889","chr2:45168841-45173210","chr2:44941702-44946071","Sufficient Evidence for Haploinsufficiency","No Evidence for Triplosensitivity","https://search.clinicalgenome.org/kb/gene-dosage/HGNC:10889","2020-09-23T16:22:47+00:00"
"SKIC3","HGNC:23639","chr5:94799598-94890681","chr5:95463894-95554977","Gene Associated with Autosomal Recessive Phenotype","Not yet evaluated","https://search.clinicalgenome.org/kb/gene-dosage/HGNC:23639","2016-08-22T17:53:10+00:00"
"SLC30A10","HGNC:25355","chr1:220083787-220132440","chr1:219910445-219959098","Gene Associated with Autosomal Recessive Phenotype","No Evidence for Triplosensitivity","https://search.clinicalgenome.org/kb/gene-dosage/HGNC:25355","2016-08-22T17:52:20+00:00"
"SLC6A3","HGNC:11049","chr5:1392909-1445555","chr5:1392794-1445440","Gene Associated with Autosomal Recessive Phenotype","Not yet evaluated","https://search.clinicalgenome.org/kb/gene-dosage/HGNC:11049","2016-08-22T17:52:25+00:00"
"SLC6A8","HGNC:11055","chrX:152953381-152962048","chrX:153687926-153696593","Sufficient Evidence for Haploinsufficiency","No Evidence for Triplosensitivity","https://search.clinicalgenome.org/kb/gene-dosage/HGNC:11055","2020-11-10T17:23:40+00:00"
"SLC9A6","HGNC:11079","chrX:135067594-135129428","chrX:135973837-136047269","Sufficient Evidence for Haploinsufficiency","No Evidence for Triplosensitivity","https://search.clinicalgenome.org/kb/gene-dosage/HGNC:11079","2020-12-08T17:20:37+00:00"
"SMAD3","HGNC:6769","chr15:67357940-67487507","chr15:67065602-67195169","Sufficient Evidence for Haploinsufficiency","No Evidence for Triplosensitivity","https://search.clinicalgenome.org/kb/gene-dosage/HGNC:6769","2020-04-22T16:39:45+00:00"
"SMAD4","HGNC:6770","chr18:48556583-48611412","chr18:51030213-51085042","Sufficient Evidence for Haploinsufficiency","No Evidence for Triplosensitivity","https://search.clinicalgenome.org/kb/gene-dosage/HGNC:6770","2020-12-16T17:36:40+00:00"
"SMARCB1","HGNC:11103","chr22:24129153-24180196","chr22:23786966-23838009","Sufficient Evidence for Haploinsufficiency","No Evidence for Triplosensitivity","https://search.clinicalgenome.org/kb/gene-dosage/HGNC:11103","2020-04-22T17:55:28+00:00"
"SOX5","HGNC:11201","chr12:23682438-24715425","chr12:23529504-24562650","Sufficient Evidence for Haploinsufficiency","No Evidence for Triplosensitivity","https://search.clinicalgenome.org/kb/gene-dosage/HGNC:11201","2016-08-19T22:23:43+00:00"
"SPG7","HGNC:11237","chr16:89574796-89624176","chr16:89508388-89557768","Gene Associated with Autosomal Recessive Phenotype","Not yet evaluated","https://search.clinicalgenome.org/kb/gene-dosage/HGNC:11237","2016-08-22T17:52:32+00:00"
"SRPX2","HGNC:30668","chrX:99899196-99930785","chrX:100644199-100675788","No Evidence for Haploinsufficiency","No Evidence for Triplosensitivity","https://search.clinicalgenome.org/kb/gene-dosage/HGNC:30668","2012-07-25T14:26:57+00:00"
"SRY","HGNC:11311","chrY:2654896-2655723","chrY:2786855-2787682","Sufficient Evidence for Haploinsufficiency","No Evidence for Triplosensitivity","https://search.clinicalgenome.org/kb/gene-dosage/HGNC:11311","2020-12-22T23:30:06+00:00"
"ST14","HGNC:11344","chr11:130029677-130080257","chr11:130159782-130210362","Gene Associated with Autosomal Recessive Phenotype","No Evidence for Triplosensitivity","https://search.clinicalgenome.org/kb/gene-dosage/HGNC:11344","2016-08-22T17:52:33+00:00"
"SYT1","HGNC:11509","chr12:79257762-79845788","chr12:78863982-79452008","Little Evidence for Haploinsufficiency","No Evidence for Triplosensitivity","https://search.clinicalgenome.org/kb/gene-dosage/HGNC:11509","2026-05-27T16:38:55+00:00"
"SYT14","HGNC:23143","chr1:210111562-210344734","chr1:209938217-210171389","Gene Associated with Autosomal Recessive Phenotype","Not yet evaluated","https://search.clinicalgenome.org/kb/gene-dosage/HGNC:23143","2016-08-22T17:52:41+00:00"
"TAB2","HGNC:17075","chr6:149539062-149732743","chr6:149217926-149411607","Little Evidence for Haploinsufficiency","No Evidence for Triplosensitivity","https://search.clinicalgenome.org/kb/gene-dosage/HGNC:17075","2020-05-27T16:46:58+00:00"
"TBX1","HGNC:11592","chr22:19744226-19771116","chr22:19756703-19783593","Little Evidence for Haploinsufficiency","No Evidence for Triplosensitivity","https://search.clinicalgenome.org/kb/gene-dosage/HGNC:11592","2024-06-11T17:54:34+00:00"
"TBX3","HGNC:11602","chr12:115108060-115121980","chr12:114670255-114684175","Sufficient Evidence for Haploinsufficiency","No Evidence for Triplosensitivity","https://search.clinicalgenome.org/kb/gene-dosage/HGNC:11602","2020-09-23T16:10:34+00:00"
"TBX5","HGNC:11604","chr12:114791716-114846247","chr12:114353911-114408442","Sufficient Evidence for Haploinsufficiency","No Evidence for Triplosensitivity","https://search.clinicalgenome.org/kb/gene-dosage/HGNC:11604","2020-07-29T19:19:03+00:00"
"TCF4","HGNC:11634","chr18:52889416-53303188","chr18:55222185-55635957","Sufficient Evidence for Haploinsufficiency","No Evidence for Triplosensitivity","https://search.clinicalgenome.org/kb/gene-dosage/HGNC:11634","2020-07-08T19:01:39+00:00"
"TCTN1","HGNC:26113","chr12:111051934-111087235","chr12:110614129-110649430","Gene Associated with Autosomal Recessive Phenotype","No Evidence for Triplosensitivity","https://search.clinicalgenome.org/kb/gene-dosage/HGNC:26113","2015-03-23T20:48:22+00:00"
"TMEM43","HGNC:28472","chr3:14166552-14185180","chr3:14125052-14143680","No Evidence for Haploinsufficiency","No Evidence for Triplosensitivity","https://search.clinicalgenome.org/kb/gene-dosage/HGNC:28472","2015-11-08T18:35:47+00:00"
"TNPO3","HGNC:17103","chr7:128594239-128695165","chr7:128954185-129056193","No Evidence for Haploinsufficiency","No Evidence for Triplosensitivity","https://search.clinicalgenome.org/kb/gene-dosage/HGNC:17103","2025-06-30T20:59:09+00:00"
"TRAPPC9","HGNC:30832","chr8:140739968-141468678","chr8:139727725-140458579","Gene Associated with Autosomal Recessive Phenotype","No Evidence for Triplosensitivity","https://search.clinicalgenome.org/kb/gene-dosage/HGNC:30832","2015-08-06T14:31:26+00:00"
"TRPS1","HGNC:12340","chr8:116420724-116681202","chr8:115408496-115668975","Sufficient Evidence for Haploinsufficiency","No Evidence for Triplosensitivity","https://search.clinicalgenome.org/kb/gene-dosage/HGNC:12340","2020-07-08T18:31:04+00:00"
"TSC1","HGNC:12362","chr9:135766736-135820003","chr9:132891349-132945378","Sufficient Evidence for Haploinsufficiency","No Evidence for Triplosensitivity","https://search.clinicalgenome.org/kb/gene-dosage/HGNC:12362","2020-10-13T16:27:13+00:00"
"TSC2","HGNC:12363","chr16:2097986-2139492","chr16:2047985-2089491","Sufficient Evidence for Haploinsufficiency","No Evidence for Triplosensitivity","https://search.clinicalgenome.org/kb/gene-dosage/HGNC:12363","2020-06-10T19:31:31+00:00"
"TWIST1","HGNC:12428","chr7:19152670-19157259","chr7:19113047-19117636","Sufficient Evidence for Haploinsufficiency","No Evidence for Triplosensitivity","https://search.clinicalgenome.org/kb/gene-dosage/HGNC:12428","2020-12-16T17:30:30+00:00"
"UBE2T","HGNC:25009","chr1:202300785-202311064","chr1:202331657-202341936","Gene Associated with Autosomal Recessive Phenotype","No Evidence for Triplosensitivity","https://search.clinicalgenome.org/kb/gene-dosage/HGNC:25009","2020-09-01T15:54:49+00:00"
"USH1G","HGNC:16356","chr17:72912175-72919350","chr17:74916083-74923255","Gene Associated with Autosomal Recessive Phenotype","No Evidence for Triplosensitivity","https://search.clinicalgenome.org/kb/gene-dosage/HGNC:16356","2016-08-22T17:53:19+00:00"
"WRN","HGNC:12791","chr8:30891326-31033654","chr8:31033810-31176138","Gene Associated with Autosomal Recessive Phenotype","No Evidence for Triplosensitivity","https://search.clinicalgenome.org/kb/gene-dosage/HGNC:12791","2024-10-04T16:30:15+00:00"
"XIST","HGNC:12810","chrX:73040486-73072588","chrX:73820651-73852753","Sufficient Evidence for Haploinsufficiency","No Evidence for Triplosensitivity","https://search.clinicalgenome.org/kb/gene-dosage/HGNC:12810","2020-04-22T16:47:57+00:00"
"ZC4H2","HGNC:24931","chrX:64135687-64254621","chrX:64915807-65034741","Sufficient Evidence for Haploinsufficiency","No Evidence for Triplosensitivity","https://search.clinicalgenome.org/kb/gene-dosage/HGNC:24931","2020-04-22T16:23:01+00:00"
"ZEB2","HGNC:14881","chr2:145141648-145277686","chr2:144384081-144520119","Sufficient Evidence for Haploinsufficiency","No Evidence for Triplosensitivity","https://search.clinicalgenome.org/kb/gene-dosage/HGNC:14881","2020-06-24T16:11:58+00:00"
"ZIC2","HGNC:12873","chr13:100634038-100639019","chr13:99981784-99986765","Sufficient Evidence for Haploinsufficiency","No Evidence for Triplosensitivity","https://search.clinicalgenome.org/kb/gene-dosage/HGNC:12873","2022-08-24T16:16:13+00:00"
"ZIC3","HGNC:12874","chrX:136648286-136659850","chrX:137566127-137577691","Sufficient Evidence for Haploinsufficiency","No Evidence for Triplosensitivity","https://search.clinicalgenome.org/kb/gene-dosage/HGNC:12874","2020-12-02T17:47:37+00:00"
"ZNF462","HGNC:21684","chr9:109625447-109775915","chr9:106860158-107013634","Sufficient Evidence for Haploinsufficiency","No Evidence for Triplosensitivity","https://search.clinicalgenome.org/kb/gene-dosage/HGNC:21684","2020-01-16T22:43:58+00:00"
"Xp21.2 region (includes NR0B1)","ISCA-46302","chrX:30195000-30355000","chrX:30176883 -30336883","No Evidence for Haploinsufficiency","Sufficient Evidence for Triplosensitivity","https://search.clinicalgenome.org/kb/gene-dosage/region/ISCA-46302","2020-07-22T13:58:57-04:00"
"1q21.2 region (polymorphic region)(non-unique; also maps to chromosomes 16, 7, and others in GRCh38)","ISCA-37469","chr1:148867551-149768855","chr16:34632766 -36224317","","","https://search.clinicalgenome.org/kb/gene-dosage/region/ISCA-37469","2020-10-22T10:29:58-04:00"
"Xq25 region (includes STAG2)","ISCA-46743","chrX:123034319-123236519","chrX:123900469 -124102669","Sufficient Evidence for Haploinsufficiency","Sufficient Evidence for Triplosensitivity","https://search.clinicalgenome.org/kb/gene-dosage/region/ISCA-46743","2022-11-30T12:15:03-05:00"
"7p22.1 region (includes ACTB)","ISCA-46742","chr7:5536848-5799722","chr7:5497217-5760091","Sufficient Evidence for Haploinsufficiency","Little Evidence for Triplosensitivity","https://search.clinicalgenome.org/kb/gene-dosage/region/ISCA-46742","2022-02-08T12:12:39-05:00"
"3q24 Region (includes ZIC1)","ISCA-46553","chr3:136403035-148341113","chr3:136684193 -148623326","Sufficient Evidence for Haploinsufficiency","No Evidence for Triplosensitivity","https://search.clinicalgenome.org/kb/gene-dosage/region/ISCA-46553","2021-07-19T11:59:29-04:00"
"Xq28 region (includes MECP2)","ISCA-46304","chrX:153273980-153375749","chrX:154008529 -154110279","No Evidence for Haploinsufficiency","Sufficient Evidence for Triplosensitivity","https://search.clinicalgenome.org/kb/gene-dosage/region/ISCA-46304","2021-02-22T12:49:57-05:00"
"SOX9 upstream enhancer region","ISCA-46303","chr17:67892996-69792434","chr17:69896855 -71796293","Sufficient Evidence for Haploinsufficiency","Little Evidence for Triplosensitivity","https://search.clinicalgenome.org/kb/gene-dosage/region/ISCA-46303","2021-06-07T12:53:51-04:00"
"15q24 recurrent region (LCR A-D, B-D, C-D, or B-E) (includes SIN3A)","ISCA-46300","chr15:75631787-75972909","chr15:75339446-75680568","Sufficient Evidence for Haploinsufficiency","No Evidence for Triplosensitivity","https://search.clinicalgenome.org/kb/gene-dosage/region/ISCA-46300","2026-05-09T01:27:55-04:00"
"Xp11.22 region (includes HUWE1)","ISCA-46299","chrX:53363456-53793054","chrX:53334251 -53766556","No Evidence for Haploinsufficiency","Sufficient Evidence for Triplosensitivity","https://search.clinicalgenome.org/kb/gene-dosage/region/ISCA-46299","2018-11-19T22:44:55-05:00"
"15q24 recurrent region (LCR A-C)","ISCA-46296","chr15:72963715-75508312","chr15:72671374-75215971","Sufficient Evidence for Haploinsufficiency","Little Evidence for Triplosensitivity","https://search.clinicalgenome.org/kb/gene-dosage/region/ISCA-46296","2026-05-02T11:50:53-04:00"
"22q11.2 recurrent region (distal type III, D-G, D-H, E-H, F-H, or F-G) (includes SMARCB1)","ISCA-46294","chr22:23831202-24632821","chr22:23489015-24236853","Sufficient Evidence for Haploinsufficiency","Little Evidence for Triplosensitivity","https://search.clinicalgenome.org/kb/gene-dosage/region/ISCA-46294","2025-12-08T17:15:42-05:00"
"Xp11.22p11.23 recurrent region (includes SHROOM4)","ISCA-46290","chrX:48306152-52103258","chrX: 48447780-52444264","No Evidence for Haploinsufficiency","Sufficient Evidence for Triplosensitivity","https://search.clinicalgenome.org/kb/gene-dosage/region/ISCA-46290","2017-12-14T14:45:05-05:00"
"17q23.1q23.2 recurrent region (includes TBX2, TBX4)","ISCA-37501","chr17:58113002-60275809","chr17:60035641-62198448","Sufficient Evidence for Haploinsufficiency","Emerging Evidence for Triplosensitivity","https://search.clinicalgenome.org/kb/gene-dosage/region/ISCA-37501","2026-06-16T19:32:29-04:00"
"15q25.2 recurrent region (proximal, LCR-A/B-C) (includes RPS17)","ISCA-37500","chr15:83199987-84714733","chr15:82534140-84045981","Sufficient Evidence for Haploinsufficiency","No Evidence for Triplosensitivity","https://search.clinicalgenome.org/kb/gene-dosage/region/ISCA-37500","2025-07-17T20:47:51-04:00"
"11q13.2q13.4 recurrent region (includes SHANK2, FGFs)","ISCA-37498","chr11:67763646-71236931","chr11:67996175-71525885","Sufficient Evidence for Haploinsufficiency","No Evidence for Triplosensitivity","https://search.clinicalgenome.org/kb/gene-dosage/region/ISCA-37498","2026-06-14T02:12:09-04:00"
"2q11.2 recurrent region (includes ARID5A, TMEM127)","ISCA-37495","chr2:96739012-97671429","chr2:96073264-97005692","Sufficient Evidence for Haploinsufficiency","No Evidence for Triplosensitivity","https://search.clinicalgenome.org/kb/gene-dosage/region/ISCA-37495","2026-08-14T18:00:48-04:00"
"Xq28 recurrent region (int22h1/int22h2-flanked) (includes RAB39B)","ISCA-37494","chrX:154118603-154564401","chrX:154890328-155335092","Sufficient Evidence for Haploinsufficiency","Sufficient Evidence for Triplosensitivity","https://search.clinicalgenome.org/kb/gene-dosage/region/ISCA-37494","2018-08-30T20:13:52-04:00"
"1q43q44 terminal region (includes AKT3)","ISCA-37493","chr1:243287730-245318287","chr1:243124428-245154985","Sufficient Evidence for Haploinsufficiency","No Evidence for Triplosensitivity","https://search.clinicalgenome.org/kb/gene-dosage/region/ISCA-37493","2016-10-12T12:50:35-04:00"
"16p11.2 recurrent region (distal, BP1-BP3, BP2-BP3, or BP1-BP4) (includes SH2B1)","ISCA-37486","chr16:28822635-29046499","chr16:28811314-29035178","Sufficient Evidence for Haploinsufficiency","Little Evidence for Triplosensitivity","https://search.clinicalgenome.org/kb/gene-dosage/region/ISCA-37486","2026-03-18T18:48:27-04:00"
"15q11.2q13 recurrent (PWS/AS) region (Class I, BP1-BP3 and Class II, BP2-BP3)","ISCA-37478","chr15:23747996-28379874","chr15:23465365-28134728","Sufficient Evidence for Haploinsufficiency","Sufficient Evidence for Triplosensitivity","https://search.clinicalgenome.org/kb/gene-dosage/region/ISCA-37478","2025-08-03T23:01:59-04:00"
"Xp11.23 region (includes MAOA and MAOB)","ISCA-37468","chrX:43514154-43741720","chrX:43654906-43882474","Sufficient Evidence for Haploinsufficiency","No Evidence for Triplosensitivity","https://search.clinicalgenome.org/kb/gene-dosage/region/ISCA-37468","2017-10-11T11:29:12-04:00"
"7q36.3 ZRS (SHH cis-regulatory) duplication region (within LMBR1 intron 5)","ISCA-37467","chr7:156583796-156584568","chr7:156791102-156791874","No Evidence for Haploinsufficiency","Sufficient Evidence for Triplosensitivity","https://search.clinicalgenome.org/kb/gene-dosage/region/ISCA-37467","2018-02-14T21:01:20-05:00"
"15q11.2 recurrent region (BP1-BP2) (includes NIPA1)","ISCA-37448","chr15:22832519-23090897","chr15:22782170-23040134","Sufficient Evidence for Haploinsufficiency","","https://search.clinicalgenome.org/kb/gene-dosage/region/ISCA-37448","2021-04-12T19:38:54-04:00"
"DLK1-MEG3 Intergenic Region","ISCA-37447","chr14:101190852-101299552","chr14:100724515-100833215","Sufficient Evidence for Haploinsufficiency","No Evidence for Triplosensitivity","https://search.clinicalgenome.org/kb/gene-dosage/region/ISCA-37447","2024-09-13T09:53:50-04:00"
"22q11.2 recurrent (DGS) region (proximal, A-B, A-C, or A-D) (includes TBX1)","ISCA-37446","chr22:18912231-21465672","chr22:18924718-21111383","Sufficient Evidence for Haploinsufficiency","Sufficient Evidence for Triplosensitivity","https://search.clinicalgenome.org/kb/gene-dosage/region/ISCA-37446","2025-07-19T22:21:17-04:00"
"3q29 recurrent region (includes DLG1)","ISCA-37443","chr3:195756054-197344662","chr3:196029183-197617791","Sufficient Evidence for Haploinsufficiency","Little Evidence for Triplosensitivity","https://search.clinicalgenome.org/kb/gene-dosage/region/ISCA-37443","2024-02-18T15:26:54-05:00"
"6q24 region (includes PLAGL1)","ISCA-37442","chr6:144243292 -144416561","chr6:143922155-144095424","Little Evidence for Haploinsufficiency","Sufficient Evidence for Triplosensitivity","https://search.clinicalgenome.org/kb/gene-dosage/region/ISCA-37442","2016-05-24T10:51:51-04:00"
"11p11.2 (Potocki-Shaffer syndrome) region (includes ALX4, EXT2)","ISCA-37441","chr11:43894800-46152450","chr11:43873250-46130899","Sufficient Evidence for Haploinsufficiency","No Evidence for Triplosensitivity","https://search.clinicalgenome.org/kb/gene-dosage/region/ISCA-37441","2013-12-12T15:01:44-05:00"
"Xq28 recurrent region (includes GDI1)","ISCA-37439","chrX:153624564-153783898","chrX:154396223-154555683","No Evidence for Haploinsufficiency","Sufficient Evidence for Triplosensitivity","https://search.clinicalgenome.org/kb/gene-dosage/region/ISCA-37439","2016-05-26T15:09:52-04:00"
"17p12 recurrent (HNPP/CMT1A) region (includes PMP22)","ISCA-37436","chr17:14097915-15422952","chr17:14194598-15519638","Sufficient Evidence for Haploinsufficiency","Sufficient Evidence for Triplosensitivity","https://search.clinicalgenome.org/kb/gene-dosage/region/ISCA-37436","2025-09-12T11:59:42-04:00"
"1p36 terminal region (includes GABRD)","ISCA-37434","chr1:834083-6289973","chr1:898703 -6229913","Sufficient Evidence for Haploinsufficiency","Emerging Evidence for Triplosensitivity","https://search.clinicalgenome.org/kb/gene-dosage/region/ISCA-37434","2016-05-31T14:23:38-04:00"
"17q12 recurrent (RCAD syndrome) region (includes HNF1B)","ISCA-37432","chr17:34815072-36192489","chr17:36458167-37854616","Sufficient Evidence for Haploinsufficiency","Sufficient Evidence for Triplosensitivity","https://search.clinicalgenome.org/kb/gene-dosage/region/ISCA-37432","2026-05-11T18:54:39-04:00"
"17q11.2 recurrent region (type-1, -2, or -3) (includes NF1)","ISCA-37431","chr17:29036626-30328268","chr17:30780079-31937008","Sufficient Evidence for Haploinsufficiency","Little Evidence for Triplosensitivity","https://search.clinicalgenome.org/kb/gene-dosage/region/ISCA-37431","2026-08-18T23:48:15-04:00"
"17p13.3 (Miller-Dieker syndrome) region (includes YWHAE and PAFAH1B1)","ISCA-37430","chr17:1247833-2588909","chr17:1344539-2685615","Sufficient Evidence for Haploinsufficiency","Sufficient Evidence for Triplosensitivity","https://search.clinicalgenome.org/kb/gene-dosage/region/ISCA-37430","2016-11-09T23:19:51-05:00"
"4p16.3 terminal (Wolf-Hirschhorn syndrome) region","ISCA-37429","chr4:331568-2010962","chr4:337779 -2009235","Sufficient Evidence for Haploinsufficiency","Emerging Evidence for Triplosensitivity","https://search.clinicalgenome.org/kb/gene-dosage/region/ISCA-37429","2016-08-11T15:39:37-04:00"
"5q35 recurrent (Sotos syndrome) region (includes NSD1)","ISCA-37425","chr5:175728979-177047793","chr5:176301976-177620792","Sufficient Evidence for Haploinsufficiency","Sufficient Evidence for Triplosensitivity","https://search.clinicalgenome.org/kb/gene-dosage/region/ISCA-37425","2025-04-08T14:59:24-04:00"
"10q22.3q23.2 recurrent region (includes BMPR1A)","ISCA-37424","chr10:81682843-88739388","chr10:79923087-86979631","Sufficient Evidence for Haploinsufficiency","Little Evidence for Triplosensitivity","https://search.clinicalgenome.org/kb/gene-dosage/region/ISCA-37424","2026-08-19T00:25:02-04:00"
"8p23.1 recurrent region (includes GATA4)","ISCA-37423","chr8:8100064-11766329","chr8:8242542-11908820","Sufficient Evidence for Haploinsufficiency","Little Evidence for Triplosensitivity","https://search.clinicalgenome.org/kb/gene-dosage/region/ISCA-37423","2026-08-14T19:28:42-04:00"
"1q21.1 recurrent region (distal, BP3-BP4) (includes GJA5) ","ISCA-37421","chr1:146577486-147394506","chr1:147105904-147917509","Sufficient Evidence for Haploinsufficiency","Emerging Evidence for Triplosensitivity","https://search.clinicalgenome.org/kb/gene-dosage/region/ISCA-37421","2026-04-30T21:41:51-04:00"
"17q21.31 recurrent (KdVS) region (includes KANSL1)","ISCA-37420","chr17:43705166-44164880","chr17:45627800-46087514","Sufficient Evidence for Haploinsufficiency","Little Evidence for Triplosensitivity","https://search.clinicalgenome.org/kb/gene-dosage/region/ISCA-37420","2025-08-02T19:56:45-04:00"
"17p11.2 recurrent (SMS/PLS) region (includes RAI1)","ISCA-37418","chr17:16810028-20213202","chr17:16906714-20309889","Sufficient Evidence for Haploinsufficiency","Sufficient Evidence for Triplosensitivity","https://search.clinicalgenome.org/kb/gene-dosage/region/ISCA-37418","2025-10-10T08:32:55-04:00"
"Xp22.31 recurrent region (includes STS)","ISCA-37417","chrX:6455812-8124954","chrX:6537771-8156913","Sufficient Evidence for Haploinsufficiency","","https://search.clinicalgenome.org/kb/gene-dosage/region/ISCA-37417","2021-07-01T10:52:38-04:00"
"15q13.3 recurrent region (BP3-BP5 or BP4-BP5) (includes CHRNA7)","ISCA-37411","chr15:31192889-32445405","chr15:30900686-32153204","Sufficient Evidence for Haploinsufficiency","Little Evidence for Triplosensitivity","https://search.clinicalgenome.org/kb/gene-dosage/region/ISCA-37411","2026-02-11T22:51:16-05:00"
"2p15p16.1 region (includes BCL11A) ","ISCA-37408","chr2:59139200-62488871","chr2:58912065-62261736","Sufficient Evidence for Haploinsufficiency","Little Evidence for Triplosensitivity","https://search.clinicalgenome.org/kb/gene-dosage/region/ISCA-37408","2024-09-10T12:40:03-04:00"
"16p13.3 region (includes CREBBP)","ISCA-37406","chr16:3775056-3930121","chr16:3725055-3880120","Sufficient Evidence for Haploinsufficiency","Little Evidence for Triplosensitivity","https://search.clinicalgenome.org/kb/gene-dosage/region/ISCA-37406","2016-06-09T14:25:35-04:00"
"11p13 (WAGR syndrome) region","ISCA-37401","chr11:31803509-32510988","chr11:31781961-32489442","Sufficient Evidence for Haploinsufficiency","Little Evidence for Triplosensitivity","https://search.clinicalgenome.org/kb/gene-dosage/region/ISCA-37401","2016-05-24T10:22:19-04:00"
"16p11.2 recurrent region (proximal, BP4-BP5) (includes TBX6) ","ISCA-37400","chr16:29649997-30199852","chr16:29638676-30188531","Sufficient Evidence for Haploinsufficiency","Sufficient Evidence for Triplosensitivity","https://search.clinicalgenome.org/kb/gene-dosage/region/ISCA-37400","2026-03-18T19:09:02-04:00"
"22q11.2 recurrent region (distal type I, D-E or D-F)","ISCA-37397","chr22:21917117-22963077","chr22:21562828-22620608","Sufficient Evidence for Haploinsufficiency","Little Evidence for Triplosensitivity","https://search.clinicalgenome.org/kb/gene-dosage/region/ISCA-37397","2026-03-16T17:42:50-04:00"
"22q11.21 recurrent (CES) region (includes CECR2)","ISCA-37393","chr22:17392953-18591860","chr22:16912063-18109094","Little Evidence for Haploinsufficiency","Sufficient Evidence for Triplosensitivity","https://search.clinicalgenome.org/kb/gene-dosage/region/ISCA-37393","2026-08-14T17:28:28-04:00"
"7q11.23 recurrent (Williams-Beuren syndrome) region (proximal) (includes ELN)","ISCA-37392","chr7:72744455-74142511","chr7:73330452-74728173","Sufficient Evidence for Haploinsufficiency","Sufficient Evidence for Triplosensitivity","https://search.clinicalgenome.org/kb/gene-dosage/region/ISCA-37392","2026-02-03T22:54:52-05:00"
"5p15 terminal (Cri du chat syndrome) region","ISCA-37390","chr5:37693-11347262","chr5:37695-11347150","Sufficient Evidence for Haploinsufficiency","Emerging Evidence for Triplosensitivity","https://search.clinicalgenome.org/kb/gene-dosage/region/ISCA-37390","2016-06-21T07:13:02-04:00"
"21q21.3 region (includes APP)","ISCA-46757","chr21:27106881-27945605","chr21:25734570-26573286","No Evidence for Haploinsufficiency","Sufficient Evidence for Triplosensitivity","https://search.clinicalgenome.org/kb/gene-dosage/region/ISCA-46757","2025-10-27T10:38:30-04:00"
"11p13 PAX6 Downstream Regulatory Region (within introns 5-7 of ELP4)","ISCA-46758","chr11:31648248-31666340","chr11:31626701-31644792","Sufficient Evidence for Haploinsufficiency","No Evidence for Triplosensitivity","https://search.clinicalgenome.org/kb/gene-dosage/region/ISCA-46758","2026-04-28T16:48:40-04:00"
"6p25.3 Region (includes FOXC1)","ISCA-46759","chr6:1348230-1713692","chr6:1347995-1713458","Sufficient Evidence for Haploinsufficiency","Sufficient Evidence for Triplosensitivity","https://search.clinicalgenome.org/kb/gene-dosage/region/ISCA-46759","2026-05-12T12:34:42-04:00"
